id,name,read,pattern,sequence,feature_type
Hashtag1,Hashtag1,R2,5P(BC),GTCAACTCTTTAGCG,Multiplexing Capture
Hashtag2,Hashtag2,R2,5P(BC),TGATGGCCTATTGGG,Multiplexing Capture
Hashtag3,Hashtag3,R2,5P(BC),TTCCGCCTCTCTTTG,Multiplexing Capture
Hashtag4,Hashtag4,R2,5P(BC),AGTAAGTTCAGCGTA,Multiplexing Capture
Hashtag5,Hashtag5,R2,5P(BC),AAGTATCGTTTCGCA,Multiplexing Capture
Hashtag6,Hashtag6,R2,5P(BC),GGTTGCCAGATGTCA,Multiplexing Capture
Hashtag7,Hashtag7,R2,5P(BC),TGTCTTTCCTGCCAG,Multiplexing Capture
CD86_prot,CD86_prot,R2,5P(BC),GTCTTTGTCAGTGCA,Antibody Capture
CD274_or_B7-H1_PD-L1_prot,CD274_or_B7-H1_PD-L1_prot,R2,5P(BC),GTTGTCCGACAATAC,Antibody Capture
CD270_or_HVEM_TR2_prot,CD270_or_HVEM_TR2_prot,R2,5P(BC),TGATAGAAACAGACC,Antibody Capture
CD155_or_PVR_prot,CD155_or_PVR_prot,R2,5P(BC),ATCACATCGTTGCCA,Antibody Capture
CD112_or_Nectin-2_prot,CD112_or_Nectin-2_prot,R2,5P(BC),AACCTTCCGTCTAAG,Antibody Capture
CD47_prot,CD47_prot,R2,5P(BC),GCATTCTGTCACCTA,Antibody Capture
CD48_prot,CD48_prot,R2,5P(BC),CTACGACGTAGAAGA,Antibody Capture
CD40_prot,CD40_prot,R2,5P(BC),CTCAGATGGAGTATG,Antibody Capture
CD154_prot,CD154_prot,R2,5P(BC),GCTAGATAGATGCAA,Antibody Capture
CD52_prot,CD52_prot,R2,5P(BC),CTTTGTACGAGCAAA,Antibody Capture
CD3_prot,CD3_prot,R2,5P(BC),CTCATTGTAACTCCT,Antibody Capture
CD8_prot,CD8_prot,R2,5P(BC),GCGCAACTTGATGAT,Antibody Capture
CD56_or_NCAM_prot,CD56_or_NCAM_prot,R2,5P(BC),TCCTTTCCTGATAGG,Antibody Capture
CD19_prot,CD19_prot,R2,5P(BC),CTGGGCAATTACTCG,Antibody Capture
CD33_prot,CD33_prot,R2,5P(BC),TAACTCAGGGCCTAT,Antibody Capture
CD11c_prot,CD11c_prot,R2,5P(BC),TACGCCTATAACTTG,Antibody Capture
HLA-A_B_C_prot,HLA-A_B_C_prot,R2,5P(BC),TATGCGAGGCTTATC,Antibody Capture
CD45RA_prot,CD45RA_prot,R2,5P(BC),TCAATCCTTCCGCTT,Antibody Capture
CD123_prot,CD123_prot,R2,5P(BC),CTTCACTCTGTCAGG,Antibody Capture
CD7_prot,CD7_prot,R2,5P(BC),TGGATTCCCGGACTT,Antibody Capture
CD49f_prot,CD49f_prot,R2,5P(BC),TTCCGAGGATGATCT,Antibody Capture
CD194_or_CCR4_prot,CD194_or_CCR4_prot,R2,5P(BC),AGCTTACCTGCACGA,Antibody Capture
CD4_prot,CD4_prot,R2,5P(BC),TGTTCCCGCTCAACT,Antibody Capture
CD44_prot,CD44_prot,R2,5P(BC),TGGCTTCAGGTCCTA,Antibody Capture
CD14_prot,CD14_prot,R2,5P(BC),TCTCAGACCTCCGTA,Antibody Capture
CD16_prot,CD16_prot,R2,5P(BC),AAGTTCACTCTTTGC,Antibody Capture
CD25_prot,CD25_prot,R2,5P(BC),TTTGTCCTGTACGCC,Antibody Capture
CD45RO_prot,CD45RO_prot,R2,5P(BC),CTCCGAATCATGTTG,Antibody Capture
CD279_or_PD-1_prot,CD279_or_PD-1_prot,R2,5P(BC),ACAGCGCCGTATTTA,Antibody Capture
TIGIT_or_VSTM3_prot,TIGIT_or_VSTM3_prot,R2,5P(BC),TTGCTTACCGCCAGA,Antibody Capture
MouseIgG1_kisotypeCtrl_prot,MouseIgG1_kisotypeCtrl_prot,R2,5P(BC),GCCGGACGACATTAA,Antibody Capture
MouseIgG2a_kisotypeCtrl_prot,MouseIgG2a_kisotypeCtrl_prot,R2,5P(BC),CTCCTACCTAAACTG,Antibody Capture
MouseIgG2b_kisotypeCtrl_prot,MouseIgG2b_kisotypeCtrl_prot,R2,5P(BC),ATATGTATCACGCGA,Antibody Capture
RatIgG2b_kIsotypeCtrl_prot,RatIgG2b_kIsotypeCtrl_prot,R2,5P(BC),GATTCTTGACGACCT,Antibody Capture
CD20_prot,CD20_prot,R2,5P(BC),TTCTGGGTCCCTAGA,Antibody Capture
CD335_or_NKp46_prot,CD335_or_NKp46_prot,R2,5P(BC),ACAATTTGAACAGCG,Antibody Capture
CD31_prot,CD31_prot,R2,5P(BC),ACCTTTATGCCACGG,Antibody Capture
anti-HumanPodoplanin_prot,anti-HumanPodoplanin_prot,R2,5P(BC),GGTTACTCGTTGTGT,Antibody Capture
CD146_prot,CD146_prot,R2,5P(BC),CCTTGGATAACATCA,Antibody Capture
IgM_prot,IgM_prot,R2,5P(BC),TAGCGAGCCCGTATA,Antibody Capture
CD5_prot,CD5_prot,R2,5P(BC),CATTAACGGGATGCC,Antibody Capture
CD183_or_CXCR3_prot,CD183_or_CXCR3_prot,R2,5P(BC),GCGATGGTAGATTAT,Antibody Capture
CD195_or_CCR5_prot,CD195_or_CCR5_prot,R2,5P(BC),CCAAAGTAAGAGCCA,Antibody Capture
CD32_prot,CD32_prot,R2,5P(BC),GCTTCCGAATTACCG,Antibody Capture
CD196_or_CCR6_prot,CD196_or_CCR6_prot,R2,5P(BC),GATCCCTTTGTCACT,Antibody Capture
CD185_or_CXCR5_prot,CD185_or_CXCR5_prot,R2,5P(BC),AATTCAACCGTCGCC,Antibody Capture
HuCD103_or_IntegrinaE_prot,HuCD103_or_IntegrinaE_prot,R2,5P(BC),GACCTCATTGTGAAT,Antibody Capture
CD69_prot,CD69_prot,R2,5P(BC),GTCTCTTGGCTTAAA,Antibody Capture
CD62L_prot,CD62L_prot,R2,5P(BC),GTCCCTGCAACTTGA,Antibody Capture
CD161_prot,CD161_prot,R2,5P(BC),GTACGCAGTCCTTCT,Antibody Capture
CD152_or_CTLA-4_prot,CD152_or_CTLA-4_prot,R2,5P(BC),ATGGTTCACGTAATC,Antibody Capture
CD223_or_LAG-3_prot,CD223_or_LAG-3_prot,R2,5P(BC),CATTTGTCTGCCGGT,Antibody Capture
KLRG1_or_MAFA_prot,KLRG1_or_MAFA_prot,R2,5P(BC),CTTATTTCCTGCCCT,Antibody Capture
CD27_prot,CD27_prot,R2,5P(BC),GCACTCCTGCATGTA,Antibody Capture
CD107a_or_LAMP-1_prot,CD107a_or_LAMP-1_prot,R2,5P(BC),CAGCCCACTGCAATA,Antibody Capture
CD95_or_Fas_prot,CD95_or_Fas_prot,R2,5P(BC),CCAGCTCATTAGAGC,Antibody Capture
CD134_or_OX40_prot,CD134_or_OX40_prot,R2,5P(BC),AACCCACCGTTGTTA,Antibody Capture
HLA-DR_prot,HLA-DR_prot,R2,5P(BC),AATAGCGAGCAAGTA,Antibody Capture
CD1c_prot,CD1c_prot,R2,5P(BC),GAGCTACTTCACTCG,Antibody Capture
CD11b_prot,CD11b_prot,R2,5P(BC),GACAAGTGATCTGCA,Antibody Capture
CD64_prot,CD64_prot,R2,5P(BC),AAGTATGCCCTACGA,Antibody Capture
CD141_or_Thrombomodulin_prot,CD141_or_Thrombomodulin_prot,R2,5P(BC),GGATAACCGCGCTTT,Antibody Capture
HuCD314_or_NKG2D_prot,HuCD314_or_NKG2D_prot,R2,5P(BC),CGTGTTTGTTCCTCA,Antibody Capture
CD35_prot,CD35_prot,R2,5P(BC),ACTTCCGTCGATCTT,Antibody Capture
CD57Recombinant_prot,CD57Recombinant_prot,R2,5P(BC),AACTCCCTATGGAGG,Antibody Capture
CD272_or_BTLA_prot,CD272_or_BTLA_prot,R2,5P(BC),GTTATTGGACTAAGG,Antibody Capture
CD278_or_ICOS_prot,CD278_or_ICOS_prot,R2,5P(BC),CGCGCACCCATTAAA,Antibody Capture
CD275_or_B7-H2_B7-RP1_ICOSL_prot,CD275_or_B7-H2_B7-RP1_ICOSL_prot,R2,5P(BC),GTTAGTGTTAGCTTG,Antibody Capture
CD58_or_LFA-3_prot,CD58_or_LFA-3_prot,R2,5P(BC),GTTCCTATGGACGAC,Antibody Capture
CD39_prot,CD39_prot,R2,5P(BC),TTACCTGGTATCCGT,Antibody Capture
CX3CR1_prot,CX3CR1_prot,R2,5P(BC),AGTATCGTCTCTGGG,Antibody Capture
CD24_prot,CD24_prot,R2,5P(BC),AGATTCCTTCGTGTT,Antibody Capture
CD21_prot,CD21_prot,R2,5P(BC),AACCTAGTAGTTCGG,Antibody Capture
CD11a_prot,CD11a_prot,R2,5P(BC),TATATCCTTGTGAGC,Antibody Capture
CD79b_or_Igb_prot,CD79b_or_Igb_prot,R2,5P(BC),ATTCTTCAACCGAAG,Antibody Capture
CD244_or_2B4_prot,CD244_or_2B4_prot,R2,5P(BC),TCGCTTGGATGGTAG,Antibody Capture
CD169_or_Sialoadhesin_Siglec-1_prot,CD169_or_Sialoadhesin_Siglec-1_prot,R2,5P(BC),TACTCAGCGTGTTTG,Antibody Capture
integrinb7_prot,integrinb7_prot,R2,5P(BC),TCCTTGGATGTACCG,Antibody Capture
CD268_or_BAFF-R_prot,CD268_or_BAFF-R_prot,R2,5P(BC),CGAAGTCGATCCGTA,Antibody Capture
CD42b_prot,CD42b_prot,R2,5P(BC),TCCTAGTACCGAAGT,Antibody Capture
CD54_prot,CD54_prot,R2,5P(BC),CTGATAGACTTGAGT,Antibody Capture
CD62P_or_P-Selectin_prot,CD62P_or_P-Selectin_prot,R2,5P(BC),CCTTCCGTATCCCTT,Antibody Capture
CD119_or_IFN-gammaRachain_prot,CD119_or_IFN-gammaRachain_prot,R2,5P(BC),TGTGTATTCCCTTGT,Antibody Capture
TCRa_or_b_prot,TCRa_or_b_prot,R2,5P(BC),CGTAACGTAGAGCGA,Antibody Capture
RatIgG1_kisotypeCtrl_prot,RatIgG1_kisotypeCtrl_prot,R2,5P(BC),ATCAGATGCCCTCAT,Antibody Capture
RatIgG1_lambdaIsotypeCtrl_prot,RatIgG1_lambdaIsotypeCtrl_prot,R2,5P(BC),GGGAGCGATTCAACT,Antibody Capture
RatIgG2a_kIsotypeCtrl_prot,RatIgG2a_kIsotypeCtrl_prot,R2,5P(BC),AAGTCAGGTTCGTTT,Antibody Capture
RatIgG2c_kIsotypeCtrl_prot,RatIgG2c_kIsotypeCtrl_prot,R2,5P(BC),TCCAGGCTAGTCATT,Antibody Capture
ArmenianHamsterIgGIsotypeCtrl_prot,ArmenianHamsterIgGIsotypeCtrl_prot,R2,5P(BC),CCTGTCATTAAGACT,Antibody Capture
CD192_or_CCR2_prot,CD192_or_CCR2_prot,R2,5P(BC),GAGTTCCCTTACCTG,Antibody Capture
CD122_or_IL-2Rb_prot,CD122_or_IL-2Rb_prot,R2,5P(BC),TCATTTCCTCCGATT,Antibody Capture
CD267_or_TACI_prot,CD267_or_TACI_prot,R2,5P(BC),AGTGATGGAGCGAAC,Antibody Capture
FceRIa_prot,FceRIa_prot,R2,5P(BC),CTCGTTTCCGTATCG,Antibody Capture
CD41_prot,CD41_prot,R2,5P(BC),ACGTTGTGGCCTTGT,Antibody Capture
CD137_or_4-1BB_prot,CD137_or_4-1BB_prot,R2,5P(BC),CAGTAAGTTCGGGAC,Antibody Capture
CD43_prot,CD43_prot,R2,5P(BC),GATTAACCAGCTCAT,Antibody Capture
CD163_prot,CD163_prot,R2,5P(BC),GCTTCTCCTTCCTTA,Antibody Capture
CD83_prot,CD83_prot,R2,5P(BC),CCACTCATTTCCGGT,Antibody Capture
CD13_prot,CD13_prot,R2,5P(BC),TTTCAACGCCCTTTC,Antibody Capture
CD2_prot,CD2_prot,R2,5P(BC),TACGATTTGTCAGGG,Antibody Capture
CD226_or_DNAM-1_prot,CD226_or_DNAM-1_prot,R2,5P(BC),TCTCAGTGTTTGTGG,Antibody Capture
CD29_prot,CD29_prot,R2,5P(BC),GTATTCCCTCAGTCA,Antibody Capture
CD303_or_BDCA-2_prot,CD303_or_BDCA-2_prot,R2,5P(BC),GAGATGTCCGAATTT,Antibody Capture
CD49b_prot,CD49b_prot,R2,5P(BC),GCTTTCTTCAGTATG,Antibody Capture
CD61_prot,CD61_prot,R2,5P(BC),AGGTTGGAGTAGACT,Antibody Capture
CD81_or_TAPA-1_prot,CD81_or_TAPA-1_prot,R2,5P(BC),GTATCCTTCCTTGGC,Antibody Capture
CD55_prot,CD55_prot,R2,5P(BC),GCTCATTACCCATTA,Antibody Capture
IgD_prot,IgD_prot,R2,5P(BC),CAGTCTCCGTAGAGT,Antibody Capture
CD18_prot,CD18_prot,R2,5P(BC),TATTGGGACACTTCT,Antibody Capture
CD28_prot,CD28_prot,R2,5P(BC),TGAGAACGACCCTAA,Antibody Capture
CD38_prot,CD38_prot,R2,5P(BC),TGTACCCGCTTGTGA,Antibody Capture
CD127_or_IL-7Ra_prot,CD127_or_IL-7Ra_prot,R2,5P(BC),GTGTGTTGTCCTATG,Antibody Capture
CD45_prot,CD45_prot,R2,5P(BC),TGCAATTACCCGGAT,Antibody Capture
CD22_prot,CD22_prot,R2,5P(BC),GGGTTGTTGTCTTTG,Antibody Capture
CD71_prot,CD71_prot,R2,5P(BC),CCGTGTTCCTCATTA,Antibody Capture
CD26_prot,CD26_prot,R2,5P(BC),GGTGGCTAGATAATG,Antibody Capture
CD115_or_CSF-1R_prot,CD115_or_CSF-1R_prot,R2,5P(BC),AATCACGGTCCTTGT,Antibody Capture
CD63_prot,CD63_prot,R2,5P(BC),GAGATGTCTGCAACT,Antibody Capture
CD304_or_Neuropilin-1_prot,CD304_or_Neuropilin-1_prot,R2,5P(BC),GGACTAAGTTTCGTT,Antibody Capture
CD36_prot,CD36_prot,R2,5P(BC),TTCTTTGCCTTGCCA,Antibody Capture
CD172a_or_SIRPa_prot,CD172a_or_SIRPa_prot,R2,5P(BC),CGTGTTTAACTTGAG,Antibody Capture
CD72_prot,CD72_prot,R2,5P(BC),CAGTCGTGGTAGATA,Antibody Capture
CD158_or_KIR2DL1_or_S1_or_S3_or_S5_prot,CD158_or_KIR2DL1_or_S1_or_S3_or_S5_prot,R2,5P(BC),TATCAACCAACGCTT,Antibody Capture
CD93_prot,CD93_prot,R2,5P(BC),GCGCTACTTCCTTGA,Antibody Capture
CD200_or_OX2_prot,CD200_or_OX2_prot,R2,5P(BC),CACGTAGACCTTTGC,Antibody Capture
CD49a_prot,CD49a_prot,R2,5P(BC),ACTGATGGACTCAGA,Antibody Capture
CD49d_prot,CD49d_prot,R2,5P(BC),CCATTCAACTTCCGG,Antibody Capture
CD73_or_Ecto-5-nucleotidase_prot,CD73_or_Ecto-5-nucleotidase_prot,R2,5P(BC),CAGTTCCTCAGTTCG,Antibody Capture
CD9_prot,CD9_prot,R2,5P(BC),GAGTCACCAATCTGC,Antibody Capture
TCRVa7.2_prot,TCRVa7.2_prot,R2,5P(BC),TACGAGCAGTATTCA,Antibody Capture
TCRVdelta2_prot,TCRVdelta2_prot,R2,5P(BC),TCAGTCAGATGGTAT,Antibody Capture
CD354_or_TREM-1_prot,CD354_or_TREM-1_prot,R2,5P(BC),TAGCCGTTTCCTTTG,Antibody Capture
CD305_or_LAIR1_prot,CD305_or_LAIR1_prot,R2,5P(BC),ATTTCCATTCCCTGT,Antibody Capture
LOX-1_prot,LOX-1_prot,R2,5P(BC),ACCCTTTACCGAATA,Antibody Capture
CD158e1_or_KIR3DL1_NKB1_prot,CD158e1_or_KIR3DL1_NKB1_prot,R2,5P(BC),GGACGCTTTCCTTGA,Antibody Capture
CD109_prot,CD109_prot,R2,5P(BC),CACTTAACTCTGGGT,Antibody Capture
CD142_prot,CD142_prot,R2,5P(BC),CACTGCCGTCGATTA,Antibody Capture
CD319_or_CRACC_prot,CD319_or_CRACC_prot,R2,5P(BC),AGTATGCCATGTCTT,Antibody Capture
CD99_prot,CD99_prot,R2,5P(BC),ACCCGTCCCTAAGAA,Antibody Capture
CLEC12A_prot,CLEC12A_prot,R2,5P(BC),CATTAGAGTCTGCCA,Antibody Capture
CD151_or_PETA-3_prot,CD151_or_PETA-3_prot,R2,5P(BC),CTTACCTAGTCATTC,Antibody Capture
CD352_or_NTB-A_prot,CD352_or_NTB-A_prot,R2,5P(BC),AGTTTCCACTCAGGC,Antibody Capture
CLEC1B_or_CLEC2_prot,CLEC1B_or_CLEC2_prot,R2,5P(BC),TGCCAGTATCACGTA,Antibody Capture
CD94_prot,CD94_prot,R2,5P(BC),CTTTCCGGTCCTACA,Antibody Capture
IgE_prot,IgE_prot,R2,5P(BC),GGATGTACCGCGTAT,Antibody Capture
CD150_or_SLAM_prot,CD150_or_SLAM_prot,R2,5P(BC),GTCATTGTATGTCTG,Antibody Capture
CD162_prot,CD162_prot,R2,5P(BC),ATATGTCAGAGCACC,Antibody Capture
CD84_prot,CD84_prot,R2,5P(BC),CTCCCTAGTTCCTTT,Antibody Capture
Iglightchaink_prot,Iglightchaink_prot,R2,5P(BC),AGCTCAGCCAGTATG,Antibody Capture
CD85j_or_ILT2_prot,CD85j_or_ILT2_prot,R2,5P(BC),CCTTGTGAGGCTATG,Antibody Capture
CD23_prot,CD23_prot,R2,5P(BC),TCTGTATAACCGTCT,Antibody Capture
Iglightchainlambda_prot,Iglightchainlambda_prot,R2,5P(BC),CAGCCAGTAAGTCAC,Antibody Capture
CD328_or_Siglec-7_prot,CD328_or_Siglec-7_prot,R2,5P(BC),CTTAGCATTTCACTG,Antibody Capture
GPR56_prot,GPR56_prot,R2,5P(BC),GCCTAGTTTCCGTTT,Antibody Capture
CD82_prot,CD82_prot,R2,5P(BC),TCCCACTTCCGCTTT,Antibody Capture
NKp80_prot,NKp80_prot,R2,5P(BC),TATAGTTCCTCTGTG,Antibody Capture
CD131_prot,CD131_prot,R2,5P(BC),CTGCATGAGACCAAA,Antibody Capture
CD74_prot,CD74_prot,R2,5P(BC),CTGTAGCATTTCCCT,Antibody Capture
CD116_prot,CD116_prot,R2,5P(BC),ATGGACAGTTCGTGT,Antibody Capture
CD37_prot,CD37_prot,R2,5P(BC),ACAGTCACTGGGCAA,Antibody Capture
CD101_or_BB27_prot,CD101_or_BB27_prot,R2,5P(BC),CTACTTCCCTGTCAA,Antibody Capture
HLA-DR_DP_DQ_prot,HLA-DR_DP_DQ_prot,R2,5P(BC),AGCTACGAGCAGTAG,Antibody Capture
CD88_or_C5aR_prot,CD88_or_C5aR_prot,R2,5P(BC),GCCGCATGAGAAACA,Antibody Capture
CD197_or_CCR7_prot,CD197_or_CCR7_prot,R2,5P(BC),AGTTCAGTCAACCGA,Antibody Capture